Ticker,Company,Sector,Industry,Country,Market Cap,P/E,Price,Change,VolumeA,Agilent Technologies Inc.,Healthcare,Medical Laboratories & Research,USA,13.86,20.28,41.24,-0.0079,2666418AA,Alcoa Inc.,Basic Materials,Aluminum,USA,19.97,0,16.83,-0.0065,7601145AAPL,Apple Inc.,Consumer Goods,Electronic Equipment,USA,669.65,17.76,113.99,-0.0017,46477096ABBV,AbbVie Inc.,Healthcare,Drug Manufacturers - Major,USA,101.98,27.71,65.04,0.0163,7114029ABC,AmerisourceBergen Corporation,Services,Drugs Wholesale,USA,19.93,74.03,89.01,0.0020,1620611ABT,Abbott Laboratories,Healthcare,Drugs - Generic,USA,65.97,40.19,43.71,-0.0023,3862309ACE,ACE Limited,Financial,Property & Casualty Insurance,Switzerland,36.7,11.46,111.14,0.0047,1097508ACN,Accenture plc,Technology,Information Technology Services,Ireland,56.26,19.92,84.65,0.0001,1887624ACT,Actavis plc,Healthcare,Drugs - Generic,USA,64.61,0,247.94,0.0171,16657553ADBE,Adobe Systems Inc.,Technology,Application Software,USA,35.62,148.79,69.97,-0.0203,2789388ADI,"Analog Devices, Inc.",Technology,Semiconductor - Integrated Circuits,USA,15.91,22.3,50.35,-0.0053,1636626ADM,Archer-Daniels-Midland Company,Consumer Goods,Farm Products,USA,33.06,17.59,51.99,0.0125,2868218ADP,"Automatic Data Processing, Inc.",Technology,Business Software & Services,USA,40.85,26.65,84.84,0.0011,1517694ADS,Alliance Data Systems Corporation,Services,Business Services,USA,16.96,32.44,280.88,-0.0160,500172ADSK,"Autodesk, Inc.",Technology,Technical & System Software,USA,13.56,79.55,58.99,-0.0112,1469489ADT,The ADT Corporation,Services,Security & Protection Services,USA,6.28,21.81,35.39,-0.0164,1334728AEE,Ameren Corporation,Utilities,Electric Utilities,USA,10.24,17.44,43.07,0.0204,1237951AEP,"American Electric Power Co., Inc.",Utilities,Electric Utilities,USA,27.43,15.32,57.19,0.0202,2894129AES,The AES Corporation,Utilities,Electric Utilities,USA,9.6,21.73,13.76,0.0215,6047233AET,Aetna Inc.,Healthcare,Health Care Plans,USA,29.48,13.95,86.22,0.0288,2886251AFL,AFLAC Inc.,Financial,Accident & Health Insurance,USA,26.72,9.3,59.13,-0.0030,2218285AGN,Allergan Inc.,Healthcare,Drug Manufacturers - Other,USA,59.18,46.31,209.2,0.0531,19118960AIG,"American International Group, Inc.",Financial,Property & Casualty Insurance,USA,75.46,8.81,54.02,0.0022,7457664AIV,Apartment Investment and Management Company,Financial,REIT - Residential,USA,5.29,150.87,36.65,0.0122,1446250AIZ,Assurant Inc.,Financial,Accident & Health Insurance,USA,4.75,9.41,67.94,0.0052,623165AKAM,"Akamai Technologies, Inc.",Technology,Internet Information Providers,USA,11.2,35.96,62.03,-0.0143,1669760ALL,The Allstate Corporation,Financial,Property & Casualty Insurance,USA,27.93,10.76,66.66,0.0012,1169356ALLE,Allegion plc Ordinary Shares,Technology,Scientific & Technical Instruments,USA,5,31.68,52.84,0.0109,529116ALTR,Altera Corp.,Technology,Semiconductor - Specialized,USA,10.74,24.14,35.25,0.0000,1189149ALXN,"Alexion Pharmaceuticals, Inc.",Healthcare,Biotechnology,USA,37.43,78.65,186.78,-0.0105,927022AMAT,"Applied Materials, Inc.",Technology,Semiconductor Equipment & Materials,USA,27.8,28.17,22.48,-0.0149,11355966AME,Ametek Inc.,Industrial Goods,Diversified Machinery,USA,12.71,22.48,51.06,-0.0124,1765660AMG,Affiliated Managers Group Inc.,Financial,Asset Management,USA,10.94,26.69,195.46,-0.0075,180970AMGN,Amgen Inc.,Healthcare,Biotechnology,USA,119.94,24.83,159.14,0.0093,2631746AMP,"Ameriprise Financial, Inc.",Financial,Asset Management,USA,23.87,17.11,128.97,-0.0032,551090AMT,American Tower Corporation,Financial,REIT - Diversified,USA,39.46,54.39,99.54,0.0001,1566144AMZN,Amazon.com Inc.,Services,Catalog & Mail Order Houses,USA,151.78,0,323.05,-0.0146,4746520AN,AutoNation Inc.,Services,Auto Dealerships,USA,6.49,16.83,57.34,-0.0007,506458AON,Aon plc,Financial,Insurance Brokers,USA,25.62,21.14,90.47,0.0069,986171APA,Apache Corp.,Basic Materials,Independent Oil & Gas,USA,27.61,489,72.09,-0.0172,4761507APC,Anadarko Petroleum Corporation,Basic Materials,Independent Oil & Gas,USA,45.68,0,88.97,-0.0135,3439843APD,Air Products & Chemicals Inc.,Basic Materials,Chemicals - Major Diversified,USA,28.7,29.35,135.81,0.0082,1401355APH,Amphenol Corporation,Technology,Diversified Electronics,USA,15.74,23.99,50.83,-0.0006,1046742ARG,"Airgas, Inc.",Basic Materials,Chemicals - Major Diversified,USA,8.54,24.06,114.42,0.0012,247427ATI,Allegheny Technologies Inc.,Industrial Goods,Metal Fabrication,USA,3.57,0,32.92,0.0021,910995AVB,Avalonbay Communities Inc.,Financial,REIT - Residential,USA,20.69,35.3,158.16,0.0090,448877AVGO,Avago Technologies Limited,Technology,Semiconductor - Broad Line,Singapore,22.51,66.43,88.52,-0.0056,1116229AVP,Avon Products Inc.,Consumer Goods,Personal Products,USA,4.38,0,9.99,-0.0079,9996905AVY,Avery Dennison Corporation,Consumer Goods,Business Equipment,USA,4.33,20.4,47.78,0.0050,534748AXP,American Express Company,Financial,Credit Services,USA,93.81,16.95,90.13,-0.0060,2608668AZO,"AutoZone, Inc.",Services,Auto Parts Stores,USA,18.17,17.87,568.06,0.0017,209561BA,The Boeing Company,Industrial Goods,Aerospace/Defense Products & Services,USA,91.87,18.41,128.42,-0.0034,3729255BAC,Bank of America Corporation,Financial,Money Center Banks,USA,180.25,45.11,17.09,-0.0029,41965636BAX,Baxter International Inc.,Healthcare,Medical Instruments & Supplies,USA,38.89,22.42,72,0.0035,1674280BBBY,Bed Bath & Beyond Inc.,Services,Home Furnishing Stores,USA,13.25,14.87,71.29,-0.0034,2092501BBT,BB&T Corporation,Financial,Regional - Southeast Banks,USA,26.96,13.71,37.34,-0.0024,2977050BBY,"Best Buy Co., Inc.",Services,Electronics Stores,USA,12.41,13.1,35.29,-0.0056,4861983BCR,CR Bard Inc.,Healthcare,Medical Instruments & Supplies,USA,12.29,15.9,164.81,0.0047,476103BDX,"Becton, Dickinson and Company",Healthcare,Medical Instruments & Supplies,USA,24.79,21.5,129.54,0.0026,813307BEN,Franklin Resources Inc.,Financial,Asset Management,USA,35.09,14.84,56.22,-0.0028,770906BF-B,Brown-Forman Corporation,Consumer Goods,Beverages - Wineries & Distillers,USA,19.89,30.11,94.04,0.0075,234818BHI,Baker Hughes Incorporated,Basic Materials,Oil & Gas Equipment & Services,USA,25.91,20.23,65.23,0.0892,69536840BIIB,Biogen Idec Inc.,Healthcare,Biotechnology,USA,72.13,28.9,302.42,-0.0099,1384034BK,The Bank of New York Mellon Corporation,Financial,Asset Management,USA,44.66,16.46,39.73,0.0015,4142580BLK,"BlackRock, Inc.",Financial,Asset Management,USA,57.45,17.98,346.98,-0.0021,286415BLL,Ball Corporation,Consumer Goods,Packaging & Containers,USA,8.8,17.8,64.41,0.0026,767731BMS,"Bemis Company, Inc.",Consumer Goods,Packaging & Containers,USA,3.84,16.44,38.82,0.0094,488711BMY,Bristol-Myers Squibb Company,Healthcare,Drug Manufacturers - Major,USA,96.13,35.55,58.43,0.0083,4678554BRCM,Broadcom Corp.,Technology,Semiconductor - Integrated Circuits,USA,24.93,57.68,42.18,0.0017,4073024BRK-B,Berkshire Hathaway Inc.,Financial,Property & Casualty Insurance,USA,0.238,17.32,145.37,-0.0010,2420123BSX,Boston Scientific Corporation,Healthcare,Medical Appliances & Equipment,USA,17.72,60.73,13.38,0.0015,11963024BWA,BorgWarner Inc.,Consumer Goods,Auto Parts,USA,12.55,19.23,55.97,0.0143,1807590BXP,Boston Properties Inc.,Financial,REIT - Office,USA,19.34,69.42,126.43,0.0007,719084C,Citigroup Inc.,Financial,Money Center Banks,USA,161.71,18.73,53.57,0.0036,10141181CA,"CA Technologies, Inc.",Technology,Business Software & Services,USA,13.33,17.41,30.07,0.0040,1999077CAG,"ConAgra Foods, Inc.",Consumer Goods,Processed & Packaged Goods,USA,14.75,54.27,34.95,0.0063,1848747CAH,"Cardinal Health, Inc.",Services,Drugs Wholesale,USA,26.59,25.35,80.36,0.0001,1555269CAM,Cameron International Corporation,Basic Materials,Oil & Gas Equipment & Services,USA,11.5,16.5,58,-0.0041,1933300CAT,Caterpillar Inc.,Industrial Goods,Farm & Construction Machinery,USA,61.35,16.4,101.7,0.0036,2470224CB,The Chubb Corporation,Financial,Property & Casualty Insurance,USA,23.88,11.87,101.55,0.0030,584138CBG,"CBRE Group, Inc.",Financial,Property Management,USA,10.78,27.46,32.52,0.0037,1082236CBS,CBS Corporation,Services,Entertainment - Diversified,USA,27.74,22.25,52.88,-0.0099,6296142CCE,Coca-Cola Enterprises Inc.,Consumer Goods,Beverages - Soft Drinks,USA,10.22,15.66,43.25,0.0227,1571514CCI,Crown Castle International Corp.,Technology,Diversified Communication Services,USA,26.84,154.6,80.12,-0.0034,1530755CCL,Carnival Corporation,Services,Resorts & Casinos,USA,32.11,23.06,41.51,0.0002,2659212CELG,Celgene Corporation,Healthcare,Biotechnology,USA,83.1,54.48,104.36,0.0030,3224424CERN,Cerner Corporation,Technology,Healthcare Information Services,USA,21.96,51.45,64.14,-0.0027,878478CF,"CF Industries Holdings, Inc.",Basic Materials,Agricultural Chemicals,USA,13.24,9.73,270.01,0.0147,562069CFN,CareFusion Corporation,Healthcare,Medical Instruments & Supplies,USA,11.74,29.08,57.71,0.0024,1683295CHK,Chesapeake Energy Corporation,Basic Materials,Independent Oil & Gas,USA,15.44,30.54,23.38,0.0073,13799674CHRW,CH Robinson Worldwide Inc.,Services,Air Delivery & Freight Services,USA,10.69,25.28,72.51,-0.0076,987450CI,Cigna Corp.,Healthcare,Health Care Plans,USA,26.66,13.92,102.94,0.0102,1468232CINF,Cincinnati Financial Corp.,Financial,Property & Casualty Insurance,USA,8.34,17.54,50.98,-0.0012,344390CL,Colgate-Palmolive Co.,Consumer Goods,Personal Products,USA,61.57,29.63,67.92,0.0053,1943526CLX,The Clorox Company,Consumer Goods,Housewares & Accessories,USA,12.96,23.12,101.02,0.0090,1000631CMA,Comerica Incorporated,Financial,Money Center Banks,USA,8.73,16.36,48.61,0.0004,1058621CMCSA,Comcast Corporation,Services,Entertainment - Diversified,USA,139.24,17.01,54.15,0.0008,12850426CME,CME Group Inc.,Financial,Investment Brokerage - National,USA,28.57,28.09,84.09,-0.0086,1320266CMG,"Chipotle Mexican Grill, Inc.",Services,Restaurants,USA,20.77,52.25,658.32,-0.0171,367390CMI,Cummins Inc.,Industrial Goods,Diversified Machinery,USA,26.5,16.3,144.78,-0.0019,1001674CMS,CMS Energy Corp.,Utilities,Electric Utilities,USA,8.88,18.16,32.66,0.0159,1473733CNP,"CenterPoint Energy, Inc.",Utilities,Gas Utilities,USA,10.33,18.93,24.38,0.0141,2971052CNX,CONSOL Energy Inc.,Basic Materials,Independent Oil & Gas,USA,9.12,37.71,40.25,0.0164,3939055COF,Capital One Financial Corporation,Financial,Credit Services,USA,45.46,11.09,81.14,-0.0076,2928855COG,Cabot Oil & Gas Corporation,Basic Materials,Independent Oil & Gas,USA,13.89,35.02,33.53,-0.0027,5226872COH,"Coach, Inc.",Consumer Goods,Textile - Apparel Footwear & Accessories,USA,9.7,14.36,35.11,-0.0023,3198124COL,Rockwell Collins Inc.,Industrial Goods,Aerospace/Defense Products & Services,USA,11.37,18.62,83.69,-0.0055,792285COP,ConocoPhillips,Basic Materials,Independent Oil & Gas,USA,87.9,12.23,71.42,0.0001,4980026COST,Costco Wholesale Corporation,Services,"Discount, Variety Stores",USA,60.62,29.78,138.47,-0.0001,1223360COV,Covidien plc,Healthcare,Medical Instruments & Supplies,Ireland,42.46,28.48,94.61,0.0067,2712684CPB,Campbell Soup Company,Consumer Goods,Processed & Packaged Goods,USA,13.75,18.78,44.56,0.0185,1331986CRM,"salesforce.com, inc.",Technology,Application Software,USA,39.56,0,62.51,-0.0219,3313400CSC,Computer Sciences Corporation,Technology,Information Technology Services,USA,8.68,14.1,62.39,0.0102,884525CSCO,"Cisco Systems, Inc.",Technology,Networking & Communication Devices,USA,134.76,17.66,26.47,0.0055,32149090CSX,CSX Corp.,Services,Railroads,USA,36.62,19.99,36.67,-0.0033,3122091CTAS,Cintas Corporation,Services,Business Services,USA,8.39,21.36,71.81,0.0007,554016CTL,"CenturyLink, Inc.",Technology,Telecom Services - Domestic,USA,23.28,28.52,40.95,0.0039,2546147CTSH,Cognizant Technology Solutions Corporation,Technology,Business Software & Services,USA,32.45,23.27,53.06,-0.0043,3077193CTXS,"Citrix Systems, Inc.",Technology,Business Software & Services,USA,10.64,40.3,65.73,-0.0054,1595244CVC,Cablevision Systems Corporation,Services,CATV Systems,USA,5.07,16.7,18.69,0.0081,1975610CVS,CVS Health Corporation,Healthcare,Health Care Plans,USA,102.18,23.03,90.12,0.0111,4021129CVX,Chevron Corporation,Basic Materials,Major Integrated Oil & Gas,USA,219.89,10.71,115.75,-0.0049,5646336D,"Dominion Resources, Inc.",Utilities,Electric Utilities,USA,41.79,27.85,72.16,0.0082,1651627DAL,"Delta Air Lines, Inc.",Services,Major Airlines,USA,36.62,3.8,43.43,-0.0073,7963925DD,E. I. du Pont de Nemours and Company,Basic Materials,Agricultural Chemicals,USA,64.14,21.07,70.47,-0.0047,2207740DE,Deere & Company,Industrial Goods,Farm & Construction Machinery,USA,31.37,9.98,86.81,-0.0081,3966496DFS,Discover Financial Services,Financial,Credit Services,USA,29.47,12.35,65.24,0.0040,2219677DG,Dollar General Corporation,Services,"Discount, Variety Stores",USA,19.61,19.65,65.3,0.0101,4804473DGX,Quest Diagnostics Inc.,Healthcare,Medical Laboratories & Research,USA,9.02,17.93,63.04,0.0101,1321671DHI,DR Horton Inc.,Industrial Goods,Residential Construction,USA,8.89,16.81,24.49,0.0045,3848997DHR,Danaher Corp.,Industrial Goods,Diversified Machinery,USA,57.78,21.58,82.37,0.0017,1824191DIS,The Walt Disney Company,Services,Entertainment - Diversified,USA,155.86,21.31,90.41,-0.0043,4092575DISCA,"Discovery Communications, Inc.",Services,CATV Systems,USA,14.52,15.89,32.53,-0.0298,3756628DISCK,"Discovery Communications, Inc.",Services,CATV Systems,USA,22.04,19.12,31.47,-0.0263,4182980DLPH,Delphi Automotive PLC,Consumer Goods,Auto Parts,United Kingdom,20.93,16.51,70.85,0.0024,854850DLTR,"Dollar Tree, Inc.",Services,"Discount, Variety Stores",USA,12.76,21.78,61.47,-0.0095,1938794DNB,Dun & Bradstreet Corp.,Technology,Information & Delivery Services,USA,4.49,16.83,125.42,0.0029,132317DNR,Denbury Resources Inc.,Basic Materials,Independent Oil & Gas,USA,3.95,10.98,10.01,-0.1062,23378984DO,"Diamond Offshore Drilling, Inc.",Basic Materials,Oil & Gas Drilling & Exploration,USA,4.91,12.97,36.17,0.0101,1189955DOV,Dover Corporation,Industrial Goods,Diversified Machinery,USA,13.26,16.34,80.87,0.0082,1170124DOW,The Dow Chemical Company,Basic Materials,Chemicals - Major Diversified,USA,60.54,17.3,51.12,-0.0049,5742332DPS,"Dr Pepper Snapple Group, Inc.",Consumer Goods,Beverages - Soft Drinks,USA,13.63,19.64,70.75,0.0093,1256348DRI,"Darden Restaurants, Inc.",Services,Restaurants,USA,7.42,61.43,55.43,-0.0084,1279527DTE,DTE Energy Company,Utilities,Electric Utilities,USA,14.14,19.39,81.1,0.0154,1020301DTV,DIRECTV,Services,CATV Systems,USA,43.97,16.15,86.91,-0.0073,2498135DUK,Duke Energy Corporation,Utilities,Diversified Utilities,USA,55.95,18.35,80.3,0.0150,2983031DVA,DaVita HealthCare Partners Inc.,Healthcare,Specialized Health Services,USA,16.26,22.52,75.51,-0.0020,1367075DVN,Devon Energy Corporation,Basic Materials,Independent Oil & Gas,USA,26.26,11.89,63.85,-0.0051,2836480EA,Electronic Arts Inc.,Technology,Multimedia & Graphics Software,USA,12.89,37.03,41.4,-0.0017,2288088EBAY,eBay Inc.,Services,"Specialty Retail, Other",USA,67.54,0,54.83,0.0086,7690720ECL,Ecolab Inc.,Consumer Goods,Cleaning Products,USA,33.74,29.82,112.19,-0.0020,638787ED,"Consolidated Edison, Inc.",Utilities,Electric Utilities,USA,18.17,14.66,62.54,0.0082,2383381EFX,Equifax Inc.,Financial,Credit Services,USA,9.43,28.03,78.13,-0.0009,347444EIX,Edison International,Utilities,Electric Utilities,USA,20.12,15.52,62.72,0.0155,2482461EL,Estee Lauder Companies Inc.,Consumer Goods,Personal Products,USA,27.08,24.68,71.12,-0.0029,1586300EMC,EMC Corporation,Technology,Data Storage Devices,USA,61.15,24.04,30.38,0.0110,17350404EMN,Eastman Chemical Co.,Basic Materials,Chemicals - Major Diversified,USA,12.5,11.94,83.95,-0.0027,645240EMR,Emerson Electric Co.,Industrial Goods,Industrial Electrical Equipment,USA,44.4,20.86,63.74,0.0019,2147529EOG,"EOG Resources, Inc.",Basic Materials,Independent Oil & Gas,USA,53.79,17.65,96.35,-0.0184,4224073EQR,Equity Residential,Financial,REIT - Residential,USA,25.1,76.11,69.7,0.0064,1574534EQT,EQT Corporation,Basic Materials,Independent Oil & Gas,USA,14.09,33.57,93.06,0.0006,1476738ESRX,Express Scripts Holding Company,Healthcare,Health Care Plans,USA,57.15,30.9,79.06,0.0153,3917669ESS,Essex Property Trust Inc.,Financial,REIT - Residential,USA,12.73,123.65,200.52,0.0073,259314ESV,Ensco plc,Basic Materials,Oil & Gas Drilling & Exploration,United Kingdom,9.08,17.95,39.48,0.0181,3591302ETFC,E*TRADE Financial Corporation,Financial,Investment Brokerage - National,USA,6.71,22.09,22.93,-0.0112,1888923ETN,Eaton Corporation plc,Industrial Goods,Diversified Machinery,USA,31.77,18.91,67.08,0.0021,1629302ETR,Entergy Corporation,Utilities,Electric Utilities,USA,14.7,15.11,83.27,0.0223,1854346EW,Edwards Lifesciences Corp.,Healthcare,Medical Appliances & Equipment,USA,13.32,17.29,126.23,0.0139,697395EXC,Exelon Corporation,Utilities,Diversified Utilities,USA,30.43,14.57,35.71,0.0085,5735536EXPD,Expeditors International of Washington Inc.,Services,Air Delivery & Freight Services,USA,8.48,24.27,43.87,-0.0011,973596EXPE,Expedia Inc.,Services,Lodging,USA,11.13,27.4,86.94,-0.0114,1161794F,Ford Motor Co.,Consumer Goods,Auto Manufacturers - Major,USA,58.27,9.9,15.54,0.0264,46092528FAST,Fastenal Company,Services,Industrial Equipment Wholesale,USA,13.28,28,44.4,-0.0089,1775985FB,"Facebook, Inc.",Technology,Internet Information Providers,USA,208.75,71.31,74.24,-0.0085,28618232FCX,Freeport-McMoRan Inc.,Basic Materials,Copper,USA,29.41,13.16,28.42,0.0042,10112097FDO,Family Dollar Stores Inc.,Services,"Discount, Variety Stores",USA,8.93,31.45,78.86,0.0069,517319FDX,FedEx Corporation,Services,Air Delivery & Freight Services,USA,48.59,23.34,171.32,-0.0014,847835FE,FirstEnergy Corp.,Utilities,Electric Utilities,USA,15.1,22.86,36.36,0.0131,2393346FFIV,"F5 Networks, Inc.",Technology,Business Software & Services,USA,9.55,31.36,127.86,-0.0079,906004FIS,"Fidelity National Information Services, Inc.",Technology,Information Technology Services,USA,16.78,30.32,59.46,0.0058,934110FISV,"Fiserv, Inc.",Services,Business Services,USA,17.1,22.68,70.31,0.0031,956422FITB,Fifth Third Bancorp,Financial,Regional - Midwest Banks,USA,16.61,12,20.17,0.0002,3603170FLIR,"FLIR Systems, Inc.",Technology,Scientific & Technical Instruments,USA,4.53,29.5,32.17,0.0003,722131FLR,Fluor Corporation,Industrial Goods,Heavy Construction,USA,10.11,15.78,63.61,-0.0168,1670724FLS,Flowserve Corp.,Industrial Goods,Diversified Machinery,USA,9.01,18.27,66.05,-0.0012,1351063FMC,FMC Corp.,Basic Materials,Chemicals - Major Diversified,USA,7.55,17.26,56.32,-0.0053,1061048FOSL,"Fossil Group, Inc.",Consumer Goods,"Recreational Goods, Other",USA,5.53,15.81,107.42,-0.0083,903806FOXA,"Twenty-First Century Fox, Inc.",Services,Entertainment - Diversified,USA,74.58,19.4,35.34,0.0066,7704112FSLR,"First Solar, Inc.",Technology,Semiconductor - Specialized,USA,4.86,18.23,47.95,-0.0111,2496803FTI,"FMC Technologies, Inc.",Basic Materials,Oil & Gas Equipment & Services,USA,12.7,18.22,54.59,0.0052,2090757FTR,Frontier Communications Corporation,Technology,Telecom Services - Domestic,USA,6.82,37.83,6.83,0.0029,5335682GAS,AGL Resources Inc.,Utilities,Gas Utilities,USA,6.15,12.37,52.23,0.0152,1291394GCI,"Gannett Co., Inc.",Services,Publishing - Newspapers,USA,7.01,15.15,30.91,-0.0045,919008GD,General Dynamics Corporation,Industrial Goods,Aerospace/Defense Products & Services,USA,47.28,19.2,142.05,-0.0043,1296973GE,General Electric Company,Industrial Goods,Diversified Machinery,USA,265.72,17.88,26.61,0.0057,24471392GGP,"General Growth Properties, Inc",Financial,REIT - Retail,USA,22.6,98.31,25.85,0.0113,2678908GILD,Gilead Sciences Inc.,Healthcare,Biotechnology,USA,153.97,18.06,100.44,-0.0159,16948500GIS,"General Mills, Inc.",Consumer Goods,Processed & Packaged Goods,USA,30.68,18.96,51.35,0.0104,2181534GLW,Corning Inc.,Technology,Diversified Electronics,USA,26.16,15.82,20.36,-0.0024,4035388GM,General Motors Company,Consumer Goods,Auto Manufacturers - Major,USA,51.08,20.25,32.31,0.0164,11728054GMCR,"Keurig Green Mountain, Inc.",Consumer Goods,Processed & Packaged Goods,USA,25.06,41.58,154.5,0.0015,1228798GME,GameStop Corp.,Services,Electronics Stores,USA,5,13.58,44.1,-0.0068,1960022GNW,"Genworth Financial, Inc.",Financial,Life Insurance,USA,4.67,0,9.33,-0.0085,7988196GOOG,Google Inc.,Technology,Internet Information Providers,USA,369.3,28.65,536.51,-0.0145,1717716GOOGL,Google Inc.,Technology,Internet Information Providers,USA,372.96,28.14,546.64,-0.0154,1667004GPC,Genuine Parts Company,Services,"Specialty Retail, Other",USA,15.24,22.15,99.92,0.0024,345126GPS,"The Gap, Inc.",Services,Apparel Stores,USA,17.18,14.53,39.27,-0.0061,3083173GRMN,Garmin Ltd.,Technology,Scientific & Technical Instruments,Cayman Islands,10.7,34.75,55.81,-0.0025,993968GS,"The Goldman Sachs Group, Inc.",Financial,Investment Brokerage - National,USA,82.75,10.99,189.93,-0.0003,1579718GT,The Goodyear Tire & Rubber Company,Consumer Goods,Rubber & Plastics,USA,7.03,13.34,25.34,-0.0109,3815906GWW,"W.W. Grainger, Inc.",Services,Industrial Equipment Wholesale,USA,16.79,21.36,244.44,-0.0074,283093HAL,Halliburton Company,Basic Materials,Oil & Gas Equipment & Services,USA,46.68,14.2,49.23,-0.1062,80040488HAR,"Harman International Industries, Incorporated",Consumer Goods,Electronic Equipment,USA,7.31,27.49,106.88,0.0020,485683HAS,Hasbro Inc.,Consumer Goods,Toys & Games,USA,6.79,18.89,56.37,0.0435,2089218HBAN,Huntington Bancshares Incorporated,Financial,Regional - Midwest Banks,USA,8.23,14.23,10.09,-0.0010,9446379HCBK,"Hudson City Bancorp, Inc.",Financial,Savings & Loans,USA,5.19,29.76,9.68,-0.0143,3466130HCN,"Health Care REIT, Inc.",Financial,REIT - Healthcare Facilities,USA,23.32,93.64,72.17,0.0141,1639812HCP,"HCP, Inc.",Financial,REIT - Healthcare Facilities,USA,20.01,21.47,44.17,0.0135,2089794HD,"The Home Depot, Inc.",Services,Home Improvement Stores,USA,132.22,23.39,98.03,-0.0021,8565629HES,Hess Corporation,Basic Materials,Independent Oil & Gas,USA,24.82,10.4,81.24,-0.0216,3729040HIG,"The Hartford Financial Services Group, Inc.",Financial,Property & Casualty Insurance,USA,17.22,13.9,40.08,0.0045,2431034HOG,"Harley-Davidson, Inc.",Consumer Goods,Recreational Vehicles,USA,14.66,17.77,68.64,0.0035,1098711HON,Honeywell International Inc.,Industrial Goods,Diversified Machinery,USA,75.77,18.3,96.53,-0.0027,1736919HOT,Starwood Hotels & Resorts Worldwide Inc.,Services,Lodging,USA,14.02,28.34,76.85,-0.0210,2905122HP,"Helmerich & Payne, Inc.",Basic Materials,Oil & Gas Drilling & Exploration,USA,8.55,12.36,78.25,-0.0096,3427638HPQ,Hewlett-Packard Company,Technology,Diversified Computer Systems,USA,68.9,13.93,37.41,0.0133,7958976HRB,"H&R Block, Inc.",Services,Personal Services,USA,8.95,17.98,32.41,-0.0040,1104302HRL,Hormel Foods Corporation,Consumer Goods,Meat Products,USA,14.36,25,55.11,0.0112,1001133HRS,Harris Corporation,Technology,Communication Equipment,USA,7.39,14.15,70.38,-0.0034,509597HSP,Hospira Inc.,Healthcare,Drugs - Generic,USA,9.86,29.89,58.4,0.0021,716263HST,"Host Hotels & Resorts, Inc.",Financial,REIT - Hotel/Motel,USA,17.17,32.39,22.6,-0.0031,4371334HSY,The Hershey Company,Consumer Goods,Confectioners,USA,21.23,26.1,96.7,0.0067,639466HUM,Humana Inc.,Healthcare,Health Care Plans,USA,20.82,21.86,137.47,0.0125,721885IBM,International Business Machines Corporation,Technology,Information Technology Services,USA,162.46,10.31,164.16,0.0000,4276771ICE,"Intercontinental Exchange, Inc.",Financial,Diversified Investments,USA,25.08,55.23,222.2,-0.0016,448436IFF,International Flavors & Fragrances Inc.,Basic Materials,Specialty Chemicals,USA,7.95,20.88,98.04,-0.0010,419033INTC,Intel Corporation,Technology,Semiconductor - Broad Line,USA,164.15,16.24,34.24,0.0085,17413022INTU,Intuit Inc.,Technology,Application Software,USA,25.9,30.64,90.93,0.0026,1803845IP,International Paper Company,Consumer Goods,Packaging & Containers,USA,23.06,27.77,54.84,0.0075,1647776IPG,"The Interpublic Group of Companies, Inc.",Services,Advertising Agencies,USA,8.13,23.42,19.59,0.0077,2506085IR,Ingersoll-Rand Plc,Industrial Goods,Diversified Machinery,Ireland,16.62,23.71,62.52,-0.0011,1531063IRM,Iron Mountain Inc.,Technology,Business Software & Services,USA,7.3,20.37,37.86,0.0045,1874604ISRG,"Intuitive Surgical, Inc.",Healthcare,Medical Appliances & Equipment,USA,18.57,44.46,511.39,-0.0016,173245ITW,Illinois Tool Works Inc.,Industrial Goods,Diversified Machinery,USA,36.66,21.22,93.98,0.0021,1750982IVZ,Invesco Ltd.,Financial,Asset Management,USA,17.3,18.67,39.81,-0.0085,2284594JBL,Jabil Circuit Inc.,Technology,Printed Circuit Boards,USA,4.01,0,20.82,0.0053,2332649JCI,Johnson Controls Inc.,Consumer Goods,Auto Parts,USA,32.91,23.2,49.72,0.0063,2244530JEC,Jacobs Engineering Group Inc.,Services,Technical Services,USA,6.35,17.86,47.23,-0.0096,1070912JNJ,Johnson & Johnson,Healthcare,Drug Manufacturers - Major,USA,302.75,17.91,108.3,0.0013,5053705JNPR,"Juniper Networks, Inc.",Technology,Networking & Communication Devices,USA,9.08,17.35,21.33,0.0162,6516916JOY,"Joy Global, Inc.",Industrial Goods,Farm & Construction Machinery,USA,5.23,24.54,53.43,0.0032,720635JPM,JPMorgan Chase & Co.,Financial,Money Center Banks,USA,225.34,11.16,60.38,0.0017,8982292JWN,Nordstrom Inc.,Services,Apparel Stores,USA,14.29,19.88,73.27,-0.0121,1616604K,Kellogg Company,Consumer Goods,Processed & Packaged Goods,USA,22.65,13.27,65.14,0.0208,2044554KEY,KeyCorp.,Financial,Regional - Midwest Banks,USA,11.57,13.22,13.24,-0.0082,8664971KIM,Kimco Realty Corporation,Financial,REIT - Retail,USA,10.06,33.05,24.75,0.0119,2811641KLAC,KLA-Tencor Corporation,Technology,Semiconductor Equipment & Materials,USA,13.21,24.79,79.02,-0.0163,1285768KMB,Kimberly-Clark Corporation,Consumer Goods,Personal Products,USA,41.96,19.94,113.65,0.0089,1762800KMI,"Kinder Morgan, Inc.",Basic Materials,Oil & Gas Pipelines,USA,40.48,32.81,40.25,0.0224,21579676KMX,CarMax Inc.,Services,Auto Dealerships,USA,11.99,23.48,54.66,-0.0178,2004424KO,The Coca-Cola Company,Consumer Goods,Beverages - Soft Drinks,USA,187.16,23.74,42.92,0.0044,10576500KORS,Michael Kors Holdings Limited,Consumer Goods,Textile - Apparel Clothing,Hong Kong,14.84,18.96,72.32,0.0036,2806549KR,The Kroger Co.,Services,Grocery Stores,USA,28.34,18.74,58.29,0.0101,2468185KRFT,"Kraft Foods Group, Inc.",Consumer Goods,Food - Major Diversified,USA,33.81,14.54,57.99,0.0098,1798436KSS,Kohl's Corp.,Services,Department Stores,USA,11.69,14,57.34,0.0039,2454599KSU,Kansas City Southern,Services,Railroads,USA,13.89,29.27,124.8,-0.0086,553104L,Loews Corporation,Financial,Property & Casualty Insurance,USA,16.01,29.92,42.59,-0.0044,965975LB,"L Brands, Inc.",Services,Apparel Stores,USA,22.65,24.75,77.71,0.0030,1962759LEG,"Leggett & Platt, Incorporated",Consumer Goods,Home Furnishings & Fixtures,USA,5.61,66.85,41.24,0.0113,822685LEN,Lennar Corp.,Industrial Goods,Residential Construction,USA,9.09,18.26,45.64,0.0000,2485439LH,Laboratory Corp. of America Holdings,Healthcare,Medical Laboratories & Research,USA,8.35,16.58,100.08,0.0125,1408914LLL,L-3 Communications Holdings Inc.,Industrial Goods,Aerospace/Defense Products & Services,USA,10.15,16.85,119.84,0.0047,789596LLTC,Linear Technology Corporation,Technology,Semiconductor - Specialized,USA,10.35,21.92,43.29,-0.0025,919290LLY,Eli Lilly and Company,Healthcare,Drug Manufacturers - Major,USA,74.97,26.93,67.29,-0.0006,3278096LM,Legg Mason Inc.,Financial,Asset Management,USA,6.29,28.99,55.52,0.0080,1265623LMT,Lockheed Martin Corporation,Industrial Goods,Aerospace/Defense Products & Services,USA,58.95,18.87,185.51,-0.0058,1160699LNC,Lincoln National Corporation,Financial,Life Insurance,USA,14.61,10.01,56.02,-0.0039,1722214LO,"Lorillard, Inc.",Consumer Goods,Cigarettes,USA,22.17,19.55,62.11,0.0084,1526889LOW,Lowe's Companies Inc.,Services,Home Improvement Stores,USA,57.82,24.31,58.89,0.0053,4721000LRCX,Lam Research Corporation,Technology,Semiconductor Equipment & Materials,USA,12.69,20.57,77.79,-0.0253,2208701LUK,Leucadia National Corporation,Financial,Investment Brokerage - National,USA,8.99,46.94,24.14,-0.0111,1377718LUV,Southwest Airlines Co.,Services,Regional Airlines,USA,26.44,23.32,39.07,0.0031,6279402LYB,LyondellBasell Industries N.V.,Basic Materials,Specialty Chemicals,Netherlands,44.22,10.38,87.7,-0.0071,4912804M,"Macy's, Inc.",Services,Department Stores,USA,21.91,14.88,61.61,-0.0071,4079483MA,MasterCard Incorporated,Financial,Credit Services,USA,96.9,28.78,83.2,-0.0101,3368332MAC,The Macerich Company,Financial,REIT - Retail,USA,9.58,141.81,68.55,0.0071,605655MAR,"Marriott International, Inc.",Services,Lodging,USA,22.09,32.76,77.17,-0.0101,2516180MAS,Masco Corporation,Industrial Goods,General Building Materials,USA,8.26,10.49,22.98,-0.0091,2918602MAT,"Mattel, Inc.",Consumer Goods,Toys & Games,USA,10.5,14.9,30.83,-0.0053,2104743MCD,McDonald's Corp.,Services,Restaurants,USA,93.63,18.9,95.97,-0.0025,3576890MCHP,Microchip Technology Inc.,Technology,Semiconductor - Specialized,USA,8.71,24.09,43.65,0.0068,1633718MCK,McKesson Corporation,Services,Drugs Wholesale,USA,47.59,33.81,204.38,-0.0042,899600MCO,Moody's Corporation,Services,Business Services,USA,20.96,22.68,100.55,0.0008,819869MDLZ,"Mondelez International, Inc.",Consumer Goods,Confectioners,USA,64.11,36.69,38.37,0.0055,5443916MDT,"Medtronic, Inc.",Healthcare,Medical Appliances & Equipment,USA,67.77,23.29,69.19,0.0035,5248353MET,"MetLife, Inc.",Financial,Life Insurance,USA,61.95,11.15,54.49,-0.0007,5620599MHFI,"McGraw Hill Financial, Inc.",Services,Business Services,USA,24.74,27.95,91.27,0.0015,900204MHK,Mohawk Industries Inc.,Consumer Goods,Home Furnishings & Fixtures,USA,10.46,21.22,141.67,-0.0125,357938MJN,Mead Johnson Nutrition Company,Consumer Goods,Processed & Packaged Goods,USA,20.34,28.6,100.7,0.0002,1323530MKC,"McCormick & Company, Incorporated",Consumer Goods,Processed & Packaged Goods,USA,9.4,22.81,72.51,-0.0004,917107MLM,Martin Marietta Materials Inc.,Industrial Goods,General Building Materials,USA,8.51,57.49,125.78,-0.0055,466005MMC,"Marsh & McLennan Companies, Inc.",Financial,Insurance Brokers,USA,30.17,20.97,55.85,0.0014,1713882MMM,3M Company,Industrial Goods,Diversified Machinery,USA,101.79,21.82,158.69,-0.0010,1672033MNST,Monster Beverage Corporation,Consumer Goods,Beverages - Soft Drinks,USA,18.09,43.17,110.07,0.0199,744452MO,Altria Group Inc.,Consumer Goods,Cigarettes,USA,96.41,22.38,49.05,0.0055,6022160MON,Monsanto Company,Basic Materials,Agricultural Chemicals,USA,57.59,23.19,118.38,-0.0050,3060186MOS,The Mosaic Company,Basic Materials,Agricultural Chemicals,USA,16.77,20.34,45.27,0.0027,1591759MPC,Marathon Petroleum Corporation,Basic Materials,Oil & Gas Refining & Marketing,USA,25.88,11.43,92.51,0.0014,4102586MRK,Merck & Co. Inc.,Healthcare,Drug Manufacturers - Major,USA,168.4,32.46,59.46,0.0066,8569317MRO,Marathon Oil Corporation,Basic Materials,Independent Oil & Gas,USA,21.84,15.71,31.82,-0.0167,6121512MS,Morgan Stanley,Financial,Investment Brokerage - National,USA,69.86,14.22,35.6,-0.0025,6129539MSFT,Microsoft Corporation,Technology,Business Software & Services,USA,408.68,19.44,49.46,-0.0024,30042146MSI,"Motorola Solutions, Inc.",Technology,Communication Equipment,USA,15.71,27.53,65.4,0.0023,1921058MTB,M&T Bank Corporation,Financial,Regional - Northeast Banks,USA,16.51,17.72,124.71,-0.0018,472477MU,"Micron Technology, Inc.",Technology,Semiconductor- Memory Chips,USA,35.02,12.84,32.29,-0.0101,17882448MUR,Murphy Oil Corporation,Basic Materials,Independent Oil & Gas,USA,9.22,12.31,51.41,-0.0102,1084191MWV,MeadWestvaco Corporation,Consumer Goods,Packaging & Containers,USA,7.36,20.82,44.56,0.0095,561230MYL,"Mylan, Inc.",Healthcare,Drugs - Generic,USA,20.23,23.3,55.13,0.0200,3943748NAVI,Navient Corporation,Financial,Credit Services,USA,8.37,7.79,20.81,0.0196,1427174NBL,"Noble Energy, Inc.",Basic Materials,Independent Oil & Gas,USA,20.3,22,54.71,-0.0250,3398188NBR,Nabors Industries Ltd.,Basic Materials,Oil & Gas Drilling & Exploration,Bermuda,4.8,14.68,16.2,-0.0235,10463741NDAQ,"The Nasdaq OMX Group, Inc.",Financial,Diversified Investments,USA,7.34,16.21,43.73,-0.0011,572514NE,Noble Corp.,Basic Materials,Oil & Gas Drilling & Exploration,Switzerland,5.24,8.74,20.79,-0.0010,8253541NEE,"NextEra Energy, Inc.",Utilities,Electric Utilities,USA,45.27,23.41,103.21,0.0134,1348831NEM,Newmont Mining Corporation,Basic Materials,Gold,USA,9.55,0,19.24,0.0047,9952102NFLX,"Netflix, Inc.",Services,CATV Systems,USA,23.26,102.67,381.14,-0.0127,1312514NFX,Newfield Exploration Co.,Basic Materials,Independent Oil & Gas,USA,4.62,14.89,32.5,-0.0345,3405021NI,NiSource Inc.,Utilities,Diversified Utilities,USA,12.88,24.28,41.11,0.0078,1588285NKE,"Nike, Inc.",Consumer Goods,Textile - Apparel Footwear & Accessories,USA,82.27,29.75,96.06,0.0059,2965221NLSN,Nielsen N.V.,Technology,Information & Delivery Services,USA,15.86,42.05,41.55,-0.0019,2736796NOC,Northrop Grumman Corporation,Industrial Goods,Aerospace/Defense - Major Diversified,USA,27.49,14.49,135.91,-0.0012,768642NOV,"National Oilwell Varco, Inc.",Basic Materials,Oil & Gas Equipment & Services,USA,30.72,12.19,71.82,0.0067,4452613NRG,"NRG Energy, Inc.",Utilities,Diversified Utilities,USA,10.59,0,31.68,0.0118,3878559NSC,Norfolk Southern Corporation,Services,Railroads,USA,35.9,18.07,115.83,-0.0017,1235825NTAP,"NetApp, Inc.",Technology,Data Storage Devices,USA,13.5,22.48,42.23,-0.0009,2301604NTRS,Northern Trust Corporation,Financial,Asset Management,USA,15.97,22.3,67.83,0.0006,1044325NU,Northeast Utilities,Utilities,Diversified Utilities,USA,15.46,20,49.44,0.0131,859764NUE,Nucor Corporation,Basic Materials,Steel & Iron,USA,17.2,25.67,54.14,0.0043,1407170NVDA,NVIDIA Corporation,Technology,Semiconductor - Specialized,USA,10.72,19.21,19.69,-0.0048,3951965NWL,Newell Rubbermaid Inc.,Consumer Goods,Housewares & Accessories,USA,9.44,22.04,35.62,0.0227,2132784NWSA,News Corporation,Services,Broadcasting - TV,USA,8.77,32.34,15.04,-0.0105,7158228OI,"Owens-Illinois, Inc.",Consumer Goods,Packaging & Containers,USA,4.2,27.98,25.65,0.0075,1098486OKE,ONEOK Inc.,Utilities,Gas Utilities,USA,11.64,37.28,56.09,0.0030,1178819OMC,Omnicom Group Inc.,Services,Advertising Agencies,USA,18.38,18.11,74.3,0.0031,1295251ORCL,Oracle Corporation,Technology,Application Software,USA,180.97,17.09,41.16,0.0078,11689733ORLY,O'Reilly Automotive Inc.,Services,Auto Parts Stores,USA,18.25,25.77,177.3,-0.0143,693611OXY,Occidental Petroleum Corporation,Basic Materials,Independent Oil & Gas,USA,67.2,12,85.9,-0.0088,5556583PAYX,"Paychex, Inc.",Services,Staffing & Outsourcing Services,USA,17.14,27.14,47.23,0.0000,1420061PBCT,People's United Financial Inc.,Financial,Savings & Loans,USA,4.55,17.19,14.83,0.0034,2002113PBI,Pitney Bowes Inc.,Consumer Goods,Business Equipment,USA,4.99,15.73,24.65,-0.0080,1731092PCAR,PACCAR Inc.,Consumer Goods,Trucks & Other Vehicles,USA,23.59,18.25,66.56,-0.0011,851817PCG,PG&E Corporation,Utilities,Electric Utilities,USA,23.59,16.77,50.58,0.0187,4502904PCL,Plum Creek Timber Co. Inc.,Industrial Goods,"Lumber, Wood Production",USA,7.12,38.2,40.57,0.0020,1082553PCLN,The Priceline Group Inc.,Services,Business Services,USA,61.42,26.48,1166.41,-0.0056,711386PCP,Precision Castparts Corp.,Industrial Goods,Metal Fabrication,USA,32.24,17.7,226.8,0.0026,671955PDCO,"Patterson Companies, Inc.",Services,Medical Equipment Wholesale,USA,4.72,22.29,46.26,0.0225,1207201PEG,Public Service Enterprise Group Inc.,Utilities,Diversified Utilities,USA,19.98,16.11,40.46,0.0248,5042782PEP,"Pepsico, Inc.",Consumer Goods,Beverages - Soft Drinks,USA,146.25,21.62,98.42,0.0072,3721999PETM,"PetSmart, Inc.",Services,"Specialty Retail, Other",USA,7.24,17.43,73.61,0.0106,1266703PFE,Pfizer Inc.,Healthcare,Drug Manufacturers - Major,USA,191.16,19.2,30.32,-0.0007,26114460PFG,Principal Financial Group Inc.,Financial,Life Insurance,USA,15.52,14.68,52.83,-0.0006,653840PG,The Procter & Gamble Company,Consumer Goods,Personal Products,USA,238.08,24.89,87.84,-0.0031,9470159PGR,Progressive Corp.,Financial,Property & Casualty Insurance,USA,15.9,13.29,26.98,0.0000,1741208PH,Parker-Hannifin Corporation,Industrial Goods,Industrial Equipment & Components,USA,19.09,18.06,128.62,0.0014,1168792PHM,"PulteGroup, Inc.",Industrial Goods,Residential Construction,USA,7.76,16.87,20.97,0.0024,4938906PKI,PerkinElmer Inc.,Healthcare,Medical Laboratories & Research,USA,4.93,25.09,43.39,-0.0060,515679PLD,"Prologis, Inc.",Financial,REIT - Industrial,USA,20.38,99.44,41.01,0.0059,1819363PLL,Pall Corporation,Industrial Goods,Diversified Machinery,USA,9.99,28.67,93.62,0.0017,477981PM,"Philip Morris International, Inc.",Consumer Goods,Cigarettes,USA,134.05,17.33,87.3,0.0118,3627658PNC,"The PNC Financial Services Group, Inc.",Financial,Money Center Banks,USA,46,11.84,87.28,-0.0015,1924191PNR,Pentair plc,Industrial Goods,Industrial Equipment & Components,USA,12.83,21.06,69,0.0050,1161093PNW,Pinnacle West Capital Corporation,Utilities,Electric Utilities,USA,6.71,16.21,61.82,0.0169,586300POM,"Pepco Holdings, Inc.",Utilities,Electric Utilities,USA,6.87,25.98,27.34,0.0022,1229095PPG,PPG Industries Inc.,Basic Materials,Specialty Chemicals,USA,27.98,22.63,205.33,0.0070,545250PPL,PPL Corporation,Utilities,Electric Utilities,USA,23.57,25.5,35.64,0.0056,4757937PRGO,Perrigo Company Public Limited Company,Healthcare,Drug Related Products,USA,20.69,141.71,153.31,-0.0074,1017809PRU,"Prudential Financial, Inc.",Financial,Life Insurance,USA,38.46,17.14,83.81,-0.0020,2024319PSA,Public Storage,Financial,REIT - Industrial,USA,32.06,36.98,186.2,0.0031,375827PSX,Phillips 66,Basic Materials,Oil & Gas Refining & Marketing,USA,39.73,11.18,72.78,0.0139,3976138PVH,PVH Corp.,Consumer Goods,Textile - Apparel Clothing,USA,9.81,28.97,121.15,0.0176,900928PWR,"Quanta Services, Inc.",Industrial Goods,General Contractors,USA,7.16,18.22,33.17,0.0003,1370591PX,Praxair Inc.,Basic Materials,Chemicals - Major Diversified,USA,36.67,20.01,126.26,0.0032,752520PXD,Pioneer Natural Resources Co.,Basic Materials,Independent Oil & Gas,USA,25.41,0,165.04,-0.0328,2302562QCOM,QUALCOMM Incorporated,Technology,Communication Equipment,USA,117.8,16.1,70.4,-0.0064,7323903QEP,"QEP Resources, Inc.",Basic Materials,Oil & Gas Pipelines,USA,4.42,613,23.12,-0.0571,3678562R,"Ryder System, Inc.",Services,Rental & Leasing Services,USA,4.84,17.7,90.69,-0.0068,396843RAI,Reynolds American Inc.,Consumer Goods,Cigarettes,USA,34.26,21.86,64.7,0.0033,1136776RDC,Rowan Companies plc,Basic Materials,Oil & Gas Drilling & Exploration,USA,2.96,11.53,23.86,0.0046,1673233REGN,"Regeneron Pharmaceuticals, Inc.",Healthcare,Biotechnology,USA,40.18,133.97,399.65,0.0113,887092RF,Regions Financial Corporation,Financial,Regional - Southeast Banks,USA,14,12.56,10.1,-0.0069,10298131RHI,Robert Half International Inc.,Services,Staffing & Outsourcing Services,USA,7.8,27.08,57.17,-0.0040,656195RHT,"Red Hat, Inc.",Technology,Application Software,USA,11.71,65.64,63,0.0103,2740676RIG,Transocean Ltd.,Basic Materials,Oil & Gas Drilling & Exploration,Switzerland,9.35,0,26.2,0.0058,11116534RL,Ralph Lauren Corporation,Consumer Goods,Textile - Apparel Clothing,USA,15.28,20.99,176.05,0.0104,804305ROK,Rockwell Automation Inc.,Industrial Goods,Diversified Machinery,USA,15.18,18.6,110.18,0.0005,674921ROP,Roper Industries Inc.,Industrial Goods,Diversified Machinery,USA,16.06,25.28,156.4,-0.0054,396909ROST,Ross Stores Inc.,Services,Apparel Stores,USA,17.08,19.75,81.34,-0.0005,1291900RRC,Range Resources Corporation,Basic Materials,Independent Oil & Gas,USA,12.13,31.96,72.38,0.0064,2436183RSG,"Republic Services, Inc.",Industrial Goods,Waste Management,USA,14.14,19.5,39.79,0.0005,1479706RTN,Raytheon Company,Industrial Goods,Aerospace/Defense Products & Services,USA,32.26,15.93,103.3,-0.0127,2243027SBUX,Starbucks Corporation,Services,Specialty Eateries,USA,58.68,28.72,77.83,-0.0037,2908498SCG,SCANA Corp.,Utilities,Electric Utilities,USA,7.92,14.66,56.22,0.0121,819806SCHW,The Charles Schwab Corporation,Financial,Investment Brokerage - National,USA,37.7,30.71,28.55,-0.0111,4281152SE,Spectra Energy Corp.,Basic Materials,Oil & Gas Pipelines,USA,25.58,25.58,38.48,0.0094,5250674SEE,Sealed Air Corporation,Consumer Goods,Packaging & Containers,USA,8.02,41.71,38.12,0.0042,1829855SHW,The Sherwin-Williams Company,Basic Materials,Specialty Chemicals,USA,23.01,27.9,239.31,-0.0014,390876SIAL,Sigma-Aldrich Corporation,Basic Materials,Specialty Chemicals,USA,16.15,32.75,135.69,0.0008,471530SJM,The J. M. Smucker Company,Consumer Goods,Processed & Packaged Goods,USA,10.21,18.7,101.52,0.0129,724602SLB,Schlumberger Limited,Basic Materials,Oil & Gas Equipment & Services,USA,122.66,17.92,95.63,0.0033,8468577SNA,Snap-on Incorporated,Industrial Goods,Small Tools & Accessories,USA,7.86,19.96,134.89,-0.0033,371660SNDK,SanDisk Corp.,Technology,Data Storage Devices,USA,21.22,19.96,97.13,0.0098,2676843SNI,"Scripps Networks Interactive, Inc.",Services,Broadcasting - TV,USA,10.31,20.88,75.01,-0.0021,783871SO,Southern Company,Utilities,Electric Utilities,USA,41.97,19.93,47.08,0.0094,4138211SPG,Simon Property Group Inc.,Financial,REIT - Retail,USA,55.96,39.65,178.48,0.0025,794460SPLS,"Staples, Inc.",Services,"Specialty Retail, Other",USA,8.66,14.31,12.97,-0.0357,18115876SRCL,"Stericycle, Inc.",Industrial Goods,Waste Management,USA,10.83,34.18,127.47,-0.0001,243887SRE,Sempra Energy,Utilities,Diversified Utilities,USA,26.76,23.73,109.98,0.0121,582745STI,"SunTrust Banks, Inc.",Financial,Money Center Banks,USA,20.63,12.06,39.43,-0.0033,1723260STJ,St. Jude Medical Inc.,Healthcare,Medical Appliances & Equipment,USA,18.58,21.45,65.17,0.0028,1204231STT,State Street Corporation,Financial,Asset Management,USA,31.76,16.25,75.67,-0.0053,2443446STX,Seagate Technology Public Limited Company,Technology,Data Storage Devices,Ireland,20.57,14,63.99,0.0178,3249295STZ,Constellation Brands Inc.,Consumer Goods,Beverages - Wineries & Distillers,USA,17.94,26.16,94.26,0.0149,623049SWK,"Stanley Black & Decker, Inc.",Industrial Goods,Machine Tools & Accessories,USA,14.99,22.09,95.18,-0.0051,998291SWN,Southwestern Energy Co.,Basic Materials,Independent Oil & Gas,USA,11.92,15.7,33.61,-0.0041,5076360SWY,Safeway Inc.,Services,Grocery Stores,USA,8.03,290.42,34.75,-0.0029,1374629SYK,Stryker Corporation,Healthcare,Medical Appliances & Equipment,USA,33.29,52.38,88.53,0.0060,605650SYMC,Symantec Corporation,Technology,Security Software & Services,USA,17.49,17.97,25.48,0.0055,3137742SYY,Sysco Corporation,Services,Food Wholesale,USA,22.68,24.73,38.89,0.0080,2631255T,"AT&T, Inc.",Technology,Telecom Services - Domestic,USA,186.21,10.98,35.85,-0.0014,12924435TAP,Molson Coors Brewing Company,Consumer Goods,Beverages - Brewers,USA,14.01,25.41,77.75,0.0301,1875911TDC,Teradata Corporation,Technology,Data Storage Devices,USA,6.77,19.67,44.81,0.0127,2035442TE,"TECO Energy, Inc.",Utilities,Electric Utilities,USA,4.52,19.64,19.55,0.0156,1637810TEG,"Integrys Energy Group, Inc.",Utilities,Gas Utilities,USA,5.72,15.46,72.54,0.0134,332408TEL,TE Connectivity Ltd.,Technology,Diversified Electronics,Switzerland,25.02,17.04,61.02,-0.0083,1687653TGT,Target Corp.,Services,"Discount, Variety Stores",USA,43.18,28.75,67.13,-0.0147,7220900THC,Tenet Healthcare Corp.,Healthcare,Hospitals,USA,4.57,0,47.46,0.0206,2743899TIF,Tiffany & Co.,Services,Jewelry Stores,USA,13.24,55.05,101.78,-0.0060,665401TJX,"The TJX Companies, Inc.",Services,Department Stores,USA,43.18,20.5,61.54,-0.0125,6116820TMK,Torchmark Corporation,Financial,Life Insurance,USA,6.85,13.28,53.31,0.0009,488480TMO,"Thermo Fisher Scientific, Inc.",Healthcare,Medical Laboratories & Research,USA,47.5,28.68,118.43,-0.0027,1308771TRIP,TripAdvisor Inc.,Technology,Internet Information Providers,USA,9.99,48.55,68.53,-0.0197,1980798TROW,"T. Rowe Price Group, Inc.",Financial,Asset Management,USA,21.3,18.54,81.85,-0.0033,919012TRV,"The Travelers Companies, Inc.",Financial,Property & Casualty Insurance,USA,33.95,9.93,102.75,0.0031,1635733TSCO,Tractor Supply Company,Services,"Specialty Retail, Other",USA,10.18,29.59,74.57,-0.0039,812990TSN,"Tyson Foods, Inc.",Consumer Goods,Meat Products,USA,15.27,14.79,43.03,0.0583,9028967TSO,Tesoro Corporation,Basic Materials,Oil & Gas Refining & Marketing,USA,9.1,13.55,72.37,0.0040,2462189TSS,"Total System Services, Inc.",Financial,Credit Services,USA,6.09,24.28,32.88,0.0031,1130738TWC,Time Warner Cable Inc.,Services,CATV Systems,USA,39.27,19.83,141.77,0.0126,3791335TWX,Time Warner Inc.,Services,Entertainment - Diversified,USA,66.87,17.26,80.4,0.0082,4067035TXN,Texas Instruments Inc.,Technology,Semiconductor - Broad Line,USA,54.54,22.74,51.55,-0.0015,3183340TXT,Textron Inc.,Industrial Goods,Aerospace/Defense - Major Diversified,USA,11.52,20.97,41.8,0.0014,2059388TYC,Tyco International Ltd.,Services,Security & Protection Services,Switzerland,17.74,19.19,42.6,0.0047,1924018UA,"Under Armour, Inc.",Consumer Goods,Textile - Apparel Clothing,USA,14.78,81.35,68.89,-0.0038,1883912UHS,Universal Health Services Inc.,Healthcare,Hospitals,USA,9.7,19.78,100.93,0.0306,1239737UNH,UnitedHealth Group Incorporated,Healthcare,Health Care Plans,USA,91.29,16.98,96.47,0.0143,3272539UNM,Unum Group,Financial,Accident & Health Insurance,USA,8.62,9.69,33.9,-0.0088,2698609UNP,Union Pacific Corporation,Services,Railroads,USA,107.32,22.27,120.32,-0.0032,2583338UPS,"United Parcel Service, Inc.",Services,Air Delivery & Freight Services,USA,96.71,26.51,106.47,-0.0034,2908115URBN,Urban Outfitters Inc.,Services,Apparel Stores,USA,4.14,17.04,30.83,-0.0006,4795386URI,"United Rentals, Inc.",Services,Rental & Leasing Services,USA,11.5,24.93,113.01,-0.0188,1194459USB,U.S. Bancorp,Financial,Regional - Midwest Banks,USA,78.25,14.34,43.8,0.0016,5570465UTX,United Technologies Corporation,Industrial Goods,Aerospace/Defense Products & Services,USA,97.96,15.87,107.37,-0.0007,2393684V,Visa Inc.,Financial,Credit Services,USA,155.06,28.77,249.8,0.0039,1996214VAR,"Varian Medical Systems, Inc.",Healthcare,Medical Appliances & Equipment,USA,9.04,22.81,87.61,0.0003,677522VFC,V.F. Corporation,Consumer Goods,Textile - Apparel Clothing,USA,30.66,24.65,71.32,0.0045,1051575VIAB,"Viacom, Inc.",Services,Entertainment - Diversified,USA,29.97,13.46,74.1,0.0156,5401077VLO,Valero Energy Corporation,Basic Materials,Oil & Gas Refining & Marketing,USA,25.81,6.95,49.72,0.0042,5591679VMC,Vulcan Materials Company,Industrial Goods,General Building Materials,USA,8.73,49.12,66,-0.0047,896799VNO,Vornado Realty Trust,Financial,REIT - Diversified,USA,20.2,1793,108.05,0.0044,828243VRSN,"VeriSign, Inc.",Technology,Internet Information Providers,USA,7.35,15.25,60.65,-0.0004,968651VRTX,Vertex Pharmaceuticals Incorporated,Healthcare,Biotechnology,USA,26.78,0,111.62,0.0025,926687VTR,"Ventas, Inc.",Financial,REIT - Healthcare Facilities,USA,20.21,44.3,68.8,0.0020,1237481VZ,Verizon Communications Inc.,Technology,Telecom Services - Domestic,USA,213.71,10.68,51.4,-0.0019,6844561WAG,Walgreen Co.,Services,Drug Stores,USA,63.61,33.47,66.55,-0.0057,4003209WAT,Waters Corporation,Healthcare,Medical Instruments & Supplies,USA,9.37,22.77,112.45,-0.0003,259177WDC,Western Digital Corporation,Technology,Data Storage Devices,USA,22.85,15.4,98.54,0.0013,1775027WEC,Wisconsin Energy Corp.,Utilities,Electric Utilities,USA,10.78,17.84,48.63,0.0169,1478425WFC,Wells Fargo & Company,Financial,Money Center Banks,USA,276.76,13.08,53.44,0.0017,9632878WFM,"Whole Foods Market, Inc.",Services,Grocery Stores,USA,17.02,30.2,47.41,0.0064,4357625WHR,Whirlpool Corp.,Consumer Goods,Appliances,USA,13.49,18.41,175.55,0.0132,768065WIN,"Windstream Holdings, Inc.",Technology,Telecom Services - Domestic,USA,5.86,40.54,9.77,0.0036,4275911WLP,WellPoint Inc.,Healthcare,Health Care Plans,USA,33.84,15.36,127.27,0.0152,1166413WM,"Waste Management, Inc.",Industrial Goods,Waste Management,USA,22.48,213.43,49.09,0.0000,1149043WMB,"Williams Companies, Inc.",Basic Materials,Oil & Gas Pipelines,USA,40.4,21.11,54.31,0.0048,4814234WMT,Wal-Mart Stores Inc.,Services,"Discount, Variety Stores",USA,267.34,17.36,83.57,0.0074,7102653WU,The Western Union Company,Financial,Credit Services,USA,9.46,12.24,18.2,0.0050,4746046WY,Weyerhaeuser Co.,Industrial Goods,"Lumber, Wood Production",USA,17.78,29.48,34.03,0.0038,1925375WYN,Wyndham Worldwide Corporation,Services,Lodging,USA,9.83,19.04,79.27,-0.0061,595540WYNN,Wynn Resorts Ltd.,Services,Resorts & Casinos,USA,18.65,22.44,182.63,-0.0074,776678XEC,Cimarex Energy Co.,Basic Materials,Independent Oil & Gas,USA,10.26,16.13,115.2,-0.0201,1415211XEL,Xcel Energy Inc.,Utilities,Electric Utilities,USA,16.71,17.03,33.43,0.0118,2523141XL,XL Group plc,Financial,Property & Casualty Insurance,Ireland,8.92,28.56,34.67,0.0032,1548826XLNX,Xilinx Inc.,Technology,Semiconductor - Integrated Circuits,USA,11.53,18.32,43.41,-0.0046,1591347XOM,Exxon Mobil Corporation,Basic Materials,Major Integrated Oil & Gas,USA,402.66,11.96,95.11,0.0002,8699811XRAY,DENTSPLY International Inc.,Healthcare,Medical Instruments & Supplies,USA,7.38,24.15,52.61,0.0084,780173XRX,Xerox Corporation,Technology,Information Technology Services,USA,15.33,14.76,13.49,0.0045,5300724XYL,Xylem Inc.,Industrial Goods,Diversified Machinery,USA,6.84,22.39,37.73,0.0029,700862YHOO,Yahoo! Inc.,Technology,Internet Information Providers,USA,49.03,6.8,52.37,0.0120,36873568YUM,"Yum! Brands, Inc.",Services,Restaurants,USA,32.72,23.37,73.99,-0.0106,2201147ZION,Zions Bancorporation,Financial,Regional - Pacific Banks,USA,5.91,27.75,28.89,-0.0086,1958776ZMH,"Zimmer Holdings, Inc.",Healthcare,Medical Appliances & Equipment,USA,18.65,23.73,110.68,0.0051,964553ZTS,Zoetis Inc.,Healthcare,Drugs - Generic,USA,21.63,38.52,44.23,0.0253,9521733